<?xml version="1.0" encoding="UTF-8"?>
<project-private xmlns="http://www.netbeans.org/ns/project-private/1">
    <editor-bookmarks xmlns="http://www.netbeans.org/ns/editor-bookmarks/2" lastBookmarkId="0"/>
    <open-files xmlns="http://www.netbeans.org/ns/projectui-open-files/2">
        <group>
            <file>file:/D:/Healthy-Food-Website-master/Healthy-Food-Website-master/src/java/model/cart.java</file>
            <file>file:/D:/Healthy-Food-Website-master/Healthy-Food-Website-master/web/jsp/cart.jsp</file>
            <file>file:/D:/Healthy-Food-Website-master/Healthy-Food-Website-master/web/cart.html</file>
            <file>file:/D:/Healthy-Food-Website-master/Healthy-Food-Website-master/src/java/controller/UpdateCart.java</file>
            <file>file:/D:/Healthy-Food-Website-master/Healthy-Food-Website-master/src/java/controller/ProcessCheckout.java</file>
            <file>file:/D:/Healthy-Food-Website-master/Healthy-Food-Website-master/src/java/repository/CartDAO.java</file>
        </group>
    </open-files>
</project-private>
